{
  "particles": {
    "number": {
      "value": 20,
      "density": {
        "enable": false
      }
    },
    "color": {
      "value": "#ffffff"
    },
    "opacity": {
      "value": 0.5,
      "random": true,
      "anim": {
        "enable": false,
        "speed": 0.5,
        "opacity_min": 0.1,
        "sync": false
      }
    },
    "size": {
      "value": 10,
      "random": true,
      "anim": {
        "enable": false,
        "speed": 10,
        "size_min": 0.1,
        "sync": false
      }
    },
    "line_linked": {
      "enable": true,
      "distance": 300,
      "color": "#ffffff",
      "opacity": 0.4,
      "width": 2
    },
    "move": {
      "enable": true,
      "speed": 3,
      "direction": "none",
      "random": false,
      "straight": false,
      "out_mode": "out",
      "bounce": false,
      "attract": {
        "enable": false,
        "rotateX": 600,
        "rotateY": 1200
      }
    }
  },
  "interactivity": {
    "detect_on": "canvas",
    "events": {
      "onhover": {
        "enable": false,
        "mode": "repulse"
      },
      "onclick": {
        "enable": false,
        "mode": "push"
      },
      "resize": true
    },
    "modes": {
      "grab": {
        "distance": 800,
        "line_linked": {
          "opacity": 1
        }
      },
      "bubble": {
        "distance": 800,
        "size": 80,
        "duration": 2,
        "opacity": 0.8,
        "speed": 1.5
      },
      "repulse": {
        "distance": 400,
        "duration": 0.4
      },
      "push": {
        "particles_nb": 4
      },
      "remove": {
        "particles_nb": 2
      }
    }
  },
  "retina_detect": true
}