[
    {
      "id": "idlebreakout",
      "title": "Idle Breakout",
      "url": "https://glitchyeet.github.io/IdleBreakout/",
      "image": "https://play-lh.googleusercontent.com/e5jzYTn7Mjh9Ghn-DFpVedkOlRfSOyCS2AFgXdTrADIuuUbjx6vP6r_YOM2j5m7uLQ"
    },
    {
      "id": "geojump",
      "title": "Geometry Jump",
      "url": "https://rawcdn.githack.com/Rahib777-7/3kh0-AssetsAGAIN/cf295e7660c0584f2854f0910cf4f3f677ee3e55/geojump/index0021.html",
      "image": "https://templerunner2.com/data/image/geometry-jump1.png"
    },
    {
      "id": "jacksmith",
      "title": "Jacksmith",
      "url": "https://art-class.github.io/assets/jacksmith",
      "image": "https://lh3.googleusercontent.com/dJAftLFmxmWdTAEjuolFrtNNAX3D0HjODTm9703CP7JqM_jFgOgPR75d6xqRsYTwoTot"
    },
    {
      "id": "fbwg",
      "title": "Fireboy and Watergirl",
      "description": "A 2 player game where you have to work together using logic and teamwork to get to the finish line.",
      "url": "https://educationgg-23704.web.app/games/FBWG4-main/index.html",
      "image": "http://m.arcadethunder.com/images/icons/fireboy-and-watergirl-4.jpg"
    },
    {
      "id": "osu",
      "title": "osu!",
      "description": "A web version of osu!",
      "url": "https://web-osu.github.io/",
      "image": "https://upload.wikimedia.org/wikipedia/commons/thumb/1/1e/Osu%21_Logo_2016.svg/1200px-Osu%21_Logo_2016.svg.png"
    },
    {
      "id": "cuttherope",
      "title": "Cut the Rope",
      "url": "https://rawcdn.githack.com/3kh0/3kh0-Assets/e3144855e924629d8f7c41238660a823a5336705/ctr/index.html",
      "image": "https://play-lh.googleusercontent.com/8FNcAyLXtQB_0Ux2ZO8VZoEoihL6a5VMBNf6V2lydRM24hXLnNUdlEup1d5miVjl3JY"
    },
    {
      "id": "roblox",
      "title": "Roblox",
      "url": "https://nowgg.me/roblox",
      "image": "https://play-lh.googleusercontent.com/WNWZaxi9RdJKe2GQM3vqXIAkk69mnIl4Cc8EyZcir2SKlVOxeUv9tZGfNTmNaLC717Ht"
    },
    {
      "id": "backrooms",
      "title": "Backrooms",
      "url": "https://rawcdn.githack.com/3kh0/3kh0-Assets/60f2f97b00ffe9566ee06c82ecaf67255931118b/backrooms/index.html",
      "image": "https://media.wired.com/photos/627b0c1fb6048c47d506c6c0/1:1/w_679,h_679,c_limit/Backrooms-Games.jpg"
    },
    {
      "id": "youarebezos",
      "title": "You are Bezos",
      "url": "https://rawcdn.githack.com/3kh0/3kh0-Assets/e3144855e924629d8f7c41238660a823a5336705/you-are-bezos/index.html",
      "image": "https://img.itch.zone/aW1nLzE1NzI2NjIucG5n/original/Equhiy.png"
    },
    {
      "id": "papaburgers",
      "title": "Papa's Burgeria",
      "url": "https://mazahacka2017.github.io/papas-burgeria",
      "image": "https://i.flipline.com/gamefiles/papasburgeriatogo/app_upsell_C.jpg"
    },
    {
      "id": "papasicecream",
      "title": "Papa's Scooperia",
      "url": "https://dynamicruffle.vercel.app/?play=papascoop",
      "image": "https://play-lh.googleusercontent.com/KpLBHo89bWG3jmuYb_KqDD1rZSY4XzXcHiMLZ1PCv83GMwVMcJluuuXrT32oQGCo51A"
    },
    {
      "id": "jetpackjoyride",
      "title": "Jetpack Joyride",
      "url": "https://rawcdn.githack.com/3kh0/3kh0-Assets/21ac7257444af1713884b35045938d57e88a4993/jetpack-joyride/index.html",
      "image": "https://play-lh.googleusercontent.com/Pl2nmu5U9CH3NQqLBTjnokoV325zESrX6KIaHrwSqREEJDWIv1yJpRCXzl9r3oMnEWHC"
    },
    {
      "id": "shellshockers",
      "title": "Shell Shockers",
      "description": "Shell Shockers is unique online shooter in first-person perspective where all the characters are represented exclusively by eggs.",
      "url": "https://rawcdn.githack.com/3kh0/3kh0-Assets/e3144855e924629d8f7c41238660a823a5336705/shellshockers/index.html",
      "image": "https://play-lh.googleusercontent.com/P-nde227L29s8w5U44kTPLiEnMEJUhJpEr4jL6tD6LV65Xz0JZtI4wEyFN-smsNrx-Q"
    },
    {
      "id": "thefinalearth",
      "title": "The Final Earth",
      "description": "Earth has been destroyed. It\"s a good thing you teleported to a new planet, also known as The Final Earth. Gather resources and build a colony",
      "url": "https://rawcdn.githack.com/3kh0/3kh0-Assets/e3144855e924629d8f7c41238660a823a5336705/the-final-earth/index.html",
      "image": "https://img.itch.zone/aW1nLzIyMTU1NDAucG5n/original/6vGlZe.png"
    },
    {
      "id": "fnf",
      "title": "Friday Night Funkin",
      "url": "https://rawcdn.githack.com/3kh0/3kh0-Assets/21ac7257444af1713884b35045938d57e88a4993/fridaynightfunkin/index.html",
      "image": "https://upload.wikimedia.org/wikipedia/commons/thumb/6/6a/Boyfriend-2.png/250px-Boyfriend-2.png"
    },
    {
      "id": "paperio2",
      "title": "Paper.io 2",
      "url": "https://rawcdn.githack.com/3kh0/3kh0-Assets/21ac7257444af1713884b35045938d57e88a4993/paperio2/index.html",
      "image": "https://paperio2.online/upload/imgs/options/fav.jpg"
    },
    {
      "id": "impossiblequiz",
      "title": "The Impossible Quiz",
      "url": "https://proudparrot2.github.io/msg-archive/g_mes/impossiblequiz1/impossiblequiz1/index.html",
      "image": "https://ih1.redbubble.net/image.489460698.9522/st,small,507x507-pad,600x600,f8f8f8.jpg"
    },
    {
      "id": "ducklife4",
      "title": "Duck Life 4",
      "url": "https://rawcdn.githack.com/3kh0/3kh0-Assets/21ac7257444af1713884b35045938d57e88a4993/ducklife4/index.html",
      "image": "https://play-lh.googleusercontent.com/AUGkRrKMtUCLVE9vCvlfMY9Ny9EBqzx17yejVtEEhvpkw-H6lJlvBHgCMqPJm8HV_tM"
    },
    {
      "id": "retrobowl",
      "url": "https://rawcdn.githack.com/3kh0/3kh0-Assets/21ac7257444af1713884b35045938d57e88a4993/retro-bowl/index.html",
      "title": "Retro Bowl",
      "image": "https://play-lh.googleusercontent.com/WRM5Y1xZmzcCP1YtO5zl6G2g7CU5c5ZfjX4UVrgi1bpNgkfy-wuB-bQx3kkeRfaGYQ"
    },
    {
      "id": "templerun2",
      "title": "Temple Run 2",
      "url": "https://rawcdn.githack.com/3kh0/3kh0-Assets/21ac7257444af1713884b35045938d57e88a4993/temple-run-2/index.html",
      "image": "https://play-lh.googleusercontent.com/go4XqS4mYs-G2tZymiVLF4wJYXIi5QrvwixNRzssk4G_vRBHrAdg4E1ddNwy9c2cZA"
    },
    {
      "id": "stickmanhook",
      "title": "Stickman Hook",
      "url": "https://rawcdn.githack.com/3kh0/3kh0-Assets/e3144855e924629d8f7c41238660a823a5336705/stickman-hook/index.html",
      "image": "https://play-lh.googleusercontent.com/yXqBI1Vb1b-xjwmXLE2T7FQbgHIxfvjze1b6jO2aLHfy8Y8ta7NFSEVqZoPHtM2Ajyrl"
    },
    {
      "id": "run3",
      "title": "Run 3",
      "url": "https://rawcdn.githack.com/3kh0/3kh0-Assets/e3144855e924629d8f7c41238660a823a5336705/run%203/Run%203.html",
      "image": "https://play-lh.googleusercontent.com/A97ygyZMgnoapGfPhWZn9QBMsrskPuPQmJqeEtROZWnbQRfAOZZlhtP-UBWxaKtMI6U",
      "description": "Run 3 is a classic game where you swerve through space in a race to the finish. Play hundreds of new levels in this fast-paced platformer"
    },
    {
      "id": "justfall",
      "title": "Just Fall",
      "description": "Just Fall is a game similar to Fall Guys, where you compete in minigames to be the sole winner",
      "url": "https://rawcdn.githack.com/3kh0/3kh0-Assets/e3144855e924629d8f7c41238660a823a5336705/just-fall/index.html",
      "image": "https://play-lh.googleusercontent.com/-0rSllZ8as88Jcs3iZ7-JCFyTb3YLB-HjR7bY7P6q_2MAswmDH4h1qNPfFiaZqzkkg"
    },
    {
      "id": "sm64",
      "title": "Super Mario 64",
      "url": "https://rawcdn.githack.com/3kh0/3kh0-Assets/e3144855e924629d8f7c41238660a823a5336705/sm64/index.html",
      "image": "https://assets1.ignimgs.com/2019/05/31/mario-64---button-1559263987447.jpg",
      "description": "Controls: <br>Movement: Arrow Keys <br>A: X <br>B: C <br>R: Q <br>Z: Space <br>Start: Enter <br>C-stick: WASD<br><br>You might need to go into fullscreen for the keybinds to register"
    },
    {
      "id": "snowball",
      "title": "snowball.io",
      "url": "https://rawcdn.githack.com/3kh0/3kh0-Assets/e3144855e924629d8f7c41238660a823a5336705/snowbattle/index.html",
      "image": "https://play-lh.googleusercontent.com/X8FEOENa_t5mlRllBh2RRLc6sMnPIq56Wxa2ndValDOmwzIRhAv7MG6fT97TLQ2DK48"
    },
    {
      "id": "minecraft",
      "title": "Minecraft Classic",
      "url": "https://rawcdn.githack.com/3kh0/3kh0-Assets/21ac7257444af1713884b35045938d57e88a4993/minecraft-classic/index.html",
      "image": "https://cdn.iconscout.com/icon/free/png-256/minecraft-2752120-2284937.png"
    },
    {
      "id": "smashkarts",
      "title": "Smash Karts",
      "url": "https://rawcdn.githack.com/3kh0/3kh0-Assets/d108460237587095c92fe0968f1595f30cf5a5cc/smashkarts/index.html",
      "image": "https://geometry-dash.co/upload/imgs/smash-karts-logo.png"
    },
    {
      "id": "tunnelrush",
      "title": "Tunnel Rush",
      "url": "https://rawcdn.githack.com/3kh0/3kh0-Assets/e00403015397cb588f42d3a461b5ac9503dd7c2d/tunnel-rush/index.html",
      "image": "https://images.hellokids.com/_uploads/_tiny_galerie/20180415/vign-tunnel-rush-hk-w8v_u89.jpg"
    },
    {
      "id": "awesometanks2",
      "title": "Awesome Tanks 2",
      "url": "https://rawcdn.githack.com/3kh0/3kh0-Assets/60f2f97b00ffe9566ee06c82ecaf67255931118b/awesometanks2/index.html",
      "image": "https://play-lh.googleusercontent.com/fiH2wSovQkxQ2dQViDAphNBbM0B1dYxTlJqnYwKXeSoQQZbBNkZZuLyMkv4gglb7LH4"
    },
    {
      "id": "fireandice",
      "title": "A Dance of Fire and Ice",
      "url": "https://rawcdn.githack.com/3kh0/3kh0-Assets/e3144855e924629d8f7c41238660a823a5336705/a-dance-of-fire-and-ice/index.html",
      "image": "https://play-lh.googleusercontent.com/L8rCly8hMWuP95PbihDZlSV2u0oGrs0hl2lEXboO7XHX2XalJZ1rjgOsFYXnEDWbpQ",
      "description": "A Dance of Fire and Ice is a simple one-button rhythm game. Press on every beat of the music to move in a line. Every pattern has its own rhythm to it. It can get difficult. This game is purely based on rhythm, so use your ears more than your sight."
    },
    {
      "id": "escapeprison",
      "title": "Henry Stickmin: Escaping the Prison",
      "url": "https://rawcdn.githack.com/3kh0/3kh0-Assets/e3144855e924629d8f7c41238660a823a5336705/escapingtheprison/index.html",
      "image": "https://play-lh.googleusercontent.com/MKW0yzbpA-faDMztP2xkirlXsHwL7QutC_9VyQlbr4VTbPOyCZInL7zYG9EA4XpX4mtM"
    },
    {
      "id": "fleeingthecomplex",
      "title": "Henry Stickmin: Fleeing the Complex",
      "url": "https://art-class.github.io/assets/fleeingthecompound/index.html",
      "image": "https://play-lh.googleusercontent.com/RDk8BpHUESL9J4H-s-07ZC1sNJol8-aZEzz3OEA99PxTYnsZd8038Y-0wRMpCQKDssU"
    },
    {
      "id": "infiltratingtheairship",
      "title": "Henry Stickmin: Infiltrating the Airship",
      "url": "https://art-class.github.io/assets/infiltratingtheairship/index.html",
      "image": "https://play-lh.googleusercontent.com/bRVIDUSlmkDM9ZA9xLczm-PuUa0dYPupAG2ZVNXJvCITc3ZkO7PS-t0qKX1T--7f5-k=w240-h480-rw"
    },
    {
      "id": "breakingthebank",
      "title": "Henry Stickmin: Breaking the Bank",
      "url": "https://art-class.github.io/assets/breakingthebank/index.html",
      "image": "https://play-lh.googleusercontent.com/I9aDLwmiy5iSjeUPs5IDI3lam8iWZ1zVnLF-V_EGvClOLuccjwLNNjZ8xltu4AN60io"
    },
    {
      "id": "slope",
      "title": "Slope",
      "url": "https://mathadventure1.github.io/slope/slope/index.html",
      "image": "https://play-lh.googleusercontent.com/uJn2i9h7KxYQarC_c3K4qH6o7gLtflFnhD_dN14MNkzHJ1NeNFzCL69jpB5mT0vCoQs"
    },
    {
      "id": "baldisbasics",
      "title": "Baldi's Basics",
      "url": "https://rawcdn.githack.com/3kh0/3kh0-Assets/60f2f97b00ffe9566ee06c82ecaf67255931118b/baldis-basics/index.html",
      "image": "https://play-lh.googleusercontent.com/EPV1TB4So1lB0DGrdCVExDpNU8ML67nd8OqBeoOIM-s6sDicxmDdPvCXD6n7LKevFl0"
    },
    {
      "id": "1v1lol",
      "title": "1v1.lol",
      "url": "https://docs-opensocial.googleusercontent.com/gadgets/ifr?url=https://cdn.jsdelivr.net/gh/ko1ov/to@1e8a949f89fcf2b110640c41a0705db01405d161/d7uf4.xml#",
      "image": "https://play-lh.googleusercontent.com/-dE43Bqni_bUnq0L-piPxiJG4YiCotk5khMdrQaQBJrXJ3vSgjNeIaKyA34rBvKQSyOy"
    },
    {
      "id": "crossyroad",
      "title": "Crossy Road",
      "url": "https://rawcdn.githack.com/3kh0/3kh0-Assets/e3144855e924629d8f7c41238660a823a5336705/crossyroad/index.html",
      "image": "https://cdn.jim-nielsen.com/ios/512/crossy-road-endless-arcade-2014-12-02.png"
    },
    {
      "id": "subwaysurfers",
      "title": "Subway Surfers",
      "url": "https://rawcdn.githack.com/3kh0/3kh0-Assets/e3144855e924629d8f7c41238660a823a5336705/subway-surfers/index.html",
      "image": "https://cdnb.artstation.com/p/assets/images/images/040/799/939/large/celine-j-1-74-shanghai-icon-1024-x.jpg?1629908071"
    },
    {
      "id": "geometrydash",
      "title": "Geometry Dash",
      "url": "https://rawcdn.githack.com/3kh0/3kh0-Assets/21ac7257444af1713884b35045938d57e88a4993/geodash/index.html",
      "image": "https://upload.wikimedia.org/wikipedia/en/3/35/Geometry_Dash_Logo.PNG"
    },
    {
      "id": "idlecraft",
      "title": "Idlecraft",
      "url": "https://rawcdn.githack.com/3kh0/3kh0-Assets/21ac7257444af1713884b35045938d57e88a4993/grindcraft/index.html",
      "image": "https://play-lh.googleusercontent.com/Pl3YYYdxM1Lhe-pXFwaLfmzSpqDZqlzvxS7-BH60Mho_cydWeOCkhTCrSgtMEXL54Cm0"
    },
    {
      "id": "8ballpool",
      "title": "8 Ball Pool",
      "url": "https://8ball-pool.io",
      "image": "https://play-lh.googleusercontent.com/bPz1guJ6FHF3oIOEy3KqwpaDDKO-hLRaZoyzmM8bLFLN8fWm6L0_EuUnkwv9iqPo3Ag"
    },
    {
      "id": "fruitninja",
      "title": "Fruit Ninja",
      "url": "https://rawcdn.githack.com/3kh0/3kh0-Assets/e3144855e924629d8f7c41238660a823a5336705/fruitninja/index.html",
      "image": "https://downloadr2.apkmirror.com/wp-content/uploads/2019/01/5c5122d13cd72.png"
    },
    {
      "id": "bloxors",
      "title": "Bloxors",
      "url": "https://rawcdn.githack.com/3kh0/3kh0-Assets/60f2f97b00ffe9566ee06c82ecaf67255931118b/bloxors/index.html",
      "image": "https://play-lh.googleusercontent.com/FHpA3r3FHDzVNtBpjpi9Zq8JA81bvRXBEbdkBvL3COOucsMfn_fYYhEFE5g55VkeSQ"
    },
    {
      "id": "chromedino",
      "title": "Chrome Dino Game",
      "url": "https://rawcdn.githack.com/3kh0/3kh0-Assets/e3144855e924629d8f7c41238660a823a5336705/chrome-dino/index.html",
      "image": "https://qph.cf2.quoracdn.net/main-qimg-c803e5912e045867b4e2f033c1b57ff9-lq"
    },
    {
      "id": "doodlejump",
      "title": "Doodle Jump",
      "url": "https://upload.wikimedia.org/wikipedia/en/a/ac/Doodle_jump_icon.png",
      "image": "https://assets-prd.ignimgs.com/2022/03/16/doodlejump-1647405974576.jpg"
    },
    {
      "id": "cookieclicker",
      "title": "Cookie Clicker",
      "url": "https://rawcdn.githack.com/3kh0/3kh0-Assets/21ac7257444af1713884b35045938d57e88a4993/cookie-clicker/index.html",
      "image": "https://play-lh.googleusercontent.com/OssE3ON9WsLZedOF39UCgtIHcRYfV0OqQS9O78LfmRdxSyKdHX52G2OFa0LkG6D-k9w"
    },
    {
      "id": "slither",
      "title": "slither.io",
      "url": "https://slither.io",
      "image": "https://play-lh.googleusercontent.com/oObkhKfUXOY5yzheKe9w1Y1pXZBgdiSksMeNmT0BijoQ8J75maTCIW2TA7-6pA6EMA"
    },
    {
      "id": "driftboss",
      "title": "Drift Boss",
      "url": "https://rawcdn.githack.com/3kh0/3kh0-Assets/60f2f97b00ffe9566ee06c82ecaf67255931118b/drift-boss/index.html",
      "image": "https://play-lh.googleusercontent.com/reYobJ4Z_dJ-uSeYFb2zVnvAlfqF9VQFsXVcFRwdMx_SmATGHwOur9i338-MaVZxtLw"
    },
    {
      "id": "basketballstars",
      "title": "Basketball Stars",
      "url": "https://rawcdn.githack.com/3kh0/3kh0-Assets/d1a97cbddcf69b15adf2ab4a491df717ecf22938/basketball-stars/index.html",
      "image": "https://play-lh.googleusercontent.com/EjJV6kCXgX9EIhKEtpYhQF8-BUb5En8sDKpOPiWSQJUxv9_RAfl4tMxyIMkQYgeqC6I=w240-h480-rw"
    },
    {
      "id": "amongus",
      "title": "Among Us",
      "url": "https://rawcdn.githack.com/3kh0/3kh0-Assets/d1a97cbddcf69b15adf2ab4a491df717ecf22938/among-us/index.html",
      "image": "https://play-lh.googleusercontent.com/8ddL1kuoNUB5vUvgDVjYY3_6HwQcrg1K2fd_R8soD-e2QYj8fT9cfhfh3G0hnSruLKec"
    },
    {
      "id": "rocketleague",
      "title": "Rocket League",
      "url": "https://rawcdn.githack.com/3kh0/3kh0-Assets/d1a97cbddcf69b15adf2ab4a491df717ecf22938/Rocket-League/index.html",
      "image": "https://cdn2.iconfinder.com/data/icons/popular-games-1/50/rocketleague_squircle-512.png"
    },
    {
      "id": "bitlife",
      "title": "Bitlife",
      "url": "https://rawcdn.githack.com/3kh0/3kh0-Assets/d1a97cbddcf69b15adf2ab4a491df717ecf22938/bitlife/index.html",
      "image": "https://d.newsweek.com/en/full/1317374/bitlife-ribbons-how-get-all-complete-list-android-ios-cheats-guide-tips-become.jpg?w=1600&h=1600&q=88&f=75befc746fb83a0c568c44ca07bc5e64"
    },
    {
      "id": "btd4",
      "title": "Bloons TD 4",
      "url": "https://rawcdn.githack.com/3kh0/3kh0-Assets/d1a97cbddcf69b15adf2ab4a491df717ecf22938/btd4/index.html",
      "image": "https://assets-prd.ignimgs.com/2022/08/16/bloons-td4-button-1660612386362.jpg"
    },
    {
      "id": "ovo",
      "title": "OvO",
      "url": "https://purepro4561.github.io/OvO",
      "image": "https://play-lh.googleusercontent.com/v7KwGdPjJGjJjRXn46sck4DwDBdKSeRzGN44CjiXUtKV0jjOi51Bt4wcXud0m-SkXg=w240-h480-rw"
    },
    {
      "id": "dogeminer",
      "title": "Doge Miner",
      "url": "https://rawcdn.githack.com/3kh0/3kh0-Assets/21ac7257444af1713884b35045938d57e88a4993/DogeMiner/index.html",
      "image": "https://play-lh.googleusercontent.com/7diC1RZgf6Z5XCspiwJMYD3vQz5TmjFElLw5qnPJZjcjNXgfhepPJzmIBijgraJRd8uv"
    },
    {
      "id": "aquapark",
      "title": "aquapark.io",
      "url": "https://rawcdn.githack.com/3kh0/3kh0-Assets/21ac7257444af1713884b35045938d57e88a4993/aquapark-slides/index.html",
      "image": "https://play-lh.googleusercontent.com/pNI21ILS4I9IAzveYzjbfk5D5LGuL03b0Ea4OtlFRLD_yk7KYLBeLlBmsvhH7Uj-dQn6"
    },
    {
      "id": "2048",
      "title": "2048",
      "url": "https://rawcdn.githack.com/3kh0/3kh0-Assets/f839d26b4770ba137c399dc1a1c6ccf22e5f3565/2048/index.html",
      "image": "https://upload.wikimedia.org/wikipedia/commons/thumb/1/18/2048_logo.svg/220px-2048_logo.svg.png"
    }
  ]
  